[
  {
    "description": "",
    "elements": [
      {
        "description": "",
        "id": "this-feature-consists-of-unit-test-scenarios-of;verify-the-claim-my-points-for-new-pnr-number",
        "keyword": "Scenario",
        "line": 18,
        "name": "Verify the Claim my points for new PNR number",
        "steps": [
          {
            "keyword": "Before",
            "hidden": true,
            "result": {
              "status": "passed",
              "duration": 106593599
            }
          },
          {
            "arguments": [],
            "keyword": "Given ",
            "line": 5,
            "name": "I complete the Booking using gql for claiming points",
            "match": {
              "location": "step-definitions\\steps.js:38"
            },
            "result": {
              "status": "passed",
              "duration": 16211441399
            }
          },
          {
            "arguments": [],
            "keyword": "Given ",
            "line": 6,
            "name": "I have a https://authorization-server{env}.allegiantair.com",
            "match": {
              "location": "node_modules\\@g4\\prova-api\\step-definitions\\steps.js:30"
            },
            "result": {
              "status": "passed",
              "duration": 1699897
            }
          },
          {
            "arguments": [],
            "keyword": "And ",
            "line": 7,
            "name": "I make a POST request to /v3/api/customers",
            "match": {
              "location": "node_modules\\@g4\\prova-api\\step-definitions\\steps.js:36"
            },
            "result": {
              "status": "passed",
              "duration": 1537900
            }
          },
          {
            "arguments": [],
            "keyword": "And ",
            "line": 8,
            "name": "I create new credentials",
            "match": {
              "location": "step-definitions\\steps.js:6"
            },
            "result": {
              "status": "passed",
              "duration": 4582999
            }
          },
          {
            "arguments": [],
            "keyword": "And ",
            "line": 9,
            "name": "I set header \"Content-Type\" to \"application/json\"",
            "match": {
              "location": "node_modules\\@g4\\prova-api\\step-definitions\\steps.js:70"
            },
            "result": {
              "status": "passed",
              "duration": 2368099
            }
          },
          {
            "arguments": [],
            "keyword": "Then ",
            "line": 10,
            "name": "I set request body from file \"./test/test-files/CreateCustomer/Createcustomer.json\"",
            "match": {
              "location": "node_modules\\@g4\\prova-api\\step-definitions\\steps.js:89"
            },
            "result": {
              "status": "passed",
              "duration": 2775999
            }
          },
          {
            "arguments": [],
            "keyword": "When ",
            "line": 11,
            "name": "I receive a response",
            "match": {
              "location": "node_modules\\@g4\\prova-api\\step-definitions\\steps.js:110"
            },
            "result": {
              "status": "passed",
              "duration": 2679481199
            }
          },
          {
            "arguments": [],
            "keyword": "Then ",
            "line": 12,
            "name": "I expect response should have a status 200",
            "match": {
              "location": "node_modules\\@g4\\prova-api\\step-definitions\\steps.js:126"
            },
            "result": {
              "status": "passed",
              "duration": 2015997
            }
          },
          {
            "arguments": [],
            "keyword": "And ",
            "line": 13,
            "name": "I expect response header \"Content-Type\" should have \"application/json\"",
            "match": {
              "location": "node_modules\\@g4\\prova-api\\step-definitions\\steps.js:146"
            },
            "result": {
              "status": "passed",
              "duration": 1479999
            }
          },
          {
            "arguments": [],
            "keyword": "And ",
            "line": 14,
            "name": "Log Request and Response details",
            "match": {
              "location": "node_modules\\@g4\\prova-api\\step-definitions\\steps.js:156"
            },
            "result": {
              "status": "passed",
              "duration": 23899697
            }
          },
          {
            "arguments": [],
            "keyword": "And ",
            "line": 15,
            "name": "I store the resonse",
            "match": {
              "location": "step-definitions\\steps.js:25"
            },
            "result": {
              "status": "passed",
              "duration": 1988900
            }
          },
          {
            "arguments": [],
            "keyword": "Given ",
            "line": 19,
            "name": "I have a https://authorization-server{env}.allegiantair.com",
            "match": {
              "location": "node_modules\\@g4\\prova-api\\step-definitions\\steps.js:30"
            },
            "result": {
              "status": "passed",
              "duration": 1904400
            }
          },
          {
            "arguments": [],
            "keyword": "And ",
            "line": 20,
            "name": "I make the PUT request to claimPoints",
            "match": {
              "location": "step-definitions\\steps.js:50"
            },
            "result": {
              "status": "passed",
              "duration": 1908200
            }
          },
          {
            "arguments": [],
            "keyword": "And ",
            "line": 21,
            "name": "I set header \"Content-Type\" to \"application/json\"",
            "match": {
              "location": "node_modules\\@g4\\prova-api\\step-definitions\\steps.js:70"
            },
            "result": {
              "status": "passed",
              "duration": 1970599
            }
          },
          {
            "arguments": [],
            "keyword": "When ",
            "line": 22,
            "name": "I receive a response",
            "match": {
              "location": "node_modules\\@g4\\prova-api\\step-definitions\\steps.js:110"
            },
            "result": {
              "status": "passed",
              "duration": 303707098
            }
          },
          {
            "arguments": [],
            "keyword": "Then ",
            "line": 23,
            "name": "I expect response should have a status 200",
            "match": {
              "location": "node_modules\\@g4\\prova-api\\step-definitions\\steps.js:126"
            },
            "result": {
              "status": "failed",
              "duration": 3866198,
              "error_message": "AssertionError: Status Code Verification\nExpected: \"200\"\n     but: was \"400\"\n    + expected - actual\n\n    -400\n    +200\n\n    at ResponseValidator.verifyStatusCode (D:\\Users\\WORKPASHA\\PROVA-API\\synergy-api-test\\node_modules\\@g4\\prova-api\\helpers\\ResponseValidator.js:69:16)\n    at Initialize.<anonymous> (D:\\Users\\WORKPASHA\\PROVA-API\\synergy-api-test\\node_modules\\@g4\\prova-api\\step-definitions\\steps.js:127:24)"
            }
          },
          {
            "arguments": [],
            "keyword": "And ",
            "line": 24,
            "name": "I expect response header \"Content-Type\" should have \"application/json\"",
            "match": {
              "location": "node_modules\\@g4\\prova-api\\step-definitions\\steps.js:146"
            },
            "result": {
              "status": "skipped",
              "duration": 0
            }
          },
          {
            "arguments": [],
            "keyword": "And ",
            "line": 25,
            "name": "Log Request and Response details",
            "match": {
              "location": "node_modules\\@g4\\prova-api\\step-definitions\\steps.js:156"
            },
            "result": {
              "status": "skipped",
              "duration": 0
            }
          },
          {
            "keyword": "After",
            "hidden": true,
            "result": {
              "status": "passed",
              "duration": 13955399
            }
          }
        ],
        "tags": [
          {
            "name": "@unit-test",
            "line": 1
          },
          {
            "name": "@regression",
            "line": 1
          },
          {
            "name": "@claimmypointscustomer",
            "line": 17
          },
          {
            "name": "@automation",
            "line": 17
          },
          {
            "name": "@webservice",
            "line": 17
          },
          {
            "name": "@claimmypoints",
            "line": 17
          }
        ],
        "type": "scenario"
      }
    ],
    "id": "this-feature-consists-of-unit-test-scenarios-of",
    "line": 2,
    "keyword": "Feature",
    "name": "This Feature consists of unit test scenarios of",
    "tags": [
      {
        "name": "@unit-test",
        "line": 1
      },
      {
        "name": "@regression",
        "line": 1
      }
    ],
    "uri": "features\\Customers\\ClaimmypointServices\\Claim_My_Points.feature"
  }
]