{
    "collectCoverage": true,
    "coverageDirectory": "./coverage",
    "coverageThreshold": {
        "global": {
            "branches": 20,
            "functions": 20,
            "lines": 20,
            "statements": 20
        }
    },
    "collectCoverageFrom": [
        "src/**/*.js",
        "!**/node_modules/**"
    ],
    "notify": true,
    "setupFilesAfterEnv": [
        "./unit-test/setup.js"
    ],
    "roots": [
        "unit-test"
    ],
    "moduleDirectories": [
        "node_modules",
        "<rootDir>"
    ],
    "transform": {
        "^.+\\.[t|j]sx?$": "babel-jest"
    },
    "reporters": [
        "default",
        [
            "./node_modules/jest-html-reporter",
            {
                "pageTitle": "Test Report"
            }
        ]
    ]
}