{
    "collectCoverage": true,
    "coverageDirectory": "./coverage",
    "coverageThreshold": {
        "global": {
            "branches": 80,
            "functions": 80,
            "lines": 80,
            "statements": 80
        }
    },
    "collectCoverageFrom": [
        "src/support/*.js",
        "!**/node_modules/**"
    ],
    "notify": true,
    "setupFilesAfterEnv": [
        "./test/setup.js"
    ],
    "roots": [
        "test/support"
    ],
    "moduleDirectories": [
        "node_modules",
        "."
    ],
    "transform": {
        "^.+\\.[t|j]sx?$": "babel-jest"
    },
    "reporters": [
        "default",
        [
            "./node_modules/jest-html-reporter",
            {
                "pageTitle": "Test Report"
            }
        ]
    ]
}